date,rent control
2004-01-01,66.0766806722689
2004-02-01,53.863608562691134
2004-03-01,67.02663804071247
2004-04-01,56.398975344220304
2004-05-01,71.07909604519774
2004-06-01,60.85795954265612
2004-07-01,68.85992907801419
2004-08-01,63.540404040404034
2004-09-01,54.73282328232823
2004-10-01,53.83761261261261
2004-11-01,68.04166666666667
2004-12-01,54.54190751445086
2005-01-01,57.266456582633054
2005-02-01,60.596559633027525
2005-03-01,54.02146946564886
2005-04-01,49.34910342619276
2005-05-01,61.20699937225361
2005-06-01,62.702140134857814
2005-07-01,65.95035460992908
2005-08-01,51.89132996632996
2005-09-01,73.6062106210621
2005-10-01,48.170495495495494
2005-11-01,49.833333333333336
2005-12-01,50.905780346820805
2006-01-01,50.65878851540616
2006-02-01,48.09250764525994
2006-03-01,51.02027671755726
2006-04-01,56.398975344220304
2006-05-01,49.36048336472065
2006-06-01,58.09168865435357
2006-07-01,54.312056737588655
2006-08-01,49.7733164983165
2006-09-01,45.296129612961295
2006-10-01,49.11501501501502
2006-11-01,45.04166666666667
2006-12-01,43.63352601156069
2007-01-01,50.65878851540616
2007-02-01,43.283256880733944
2007-03-01,46.018288804071254
2007-04-01,47.33485430675633
2007-05-01,52.32211236660389
2007-06-01,48.87078569334506
2007-07-01,51.40248226950355
2007-08-01,58.24537037037037
2007-09-01,42.465121512151214
2007-10-01,42.50337837837838
2007-11-01,42.16666666666667
2007-12-01,47.26965317919075
2008-01-01,49.55751050420168
2008-02-01,41.35955657492355
2008-03-01,46.018288804071254
2008-04-01,51.363352545629205
2008-05-01,54.29653170119272
2008-06-01,55.32541776605102
2008-07-01,47.523049645390074
2008-08-01,38.124242424242425
2008-09-01,41.521452145214525
2008-10-01,35.89174174174174
2008-11-01,30.666666666666668
2008-12-01,39.99739884393063
2009-01-01,38.544730392156865
2009-02-01,34.62660550458716
2009-03-01,37.01471055979644
2009-04-01,37.26360870957413
2009-05-01,38.50117702448211
2009-06-01,36.88361184403401
2009-07-01,36.854609929078016
2009-08-01,37.06523569023569
2009-09-01,30.197419741974198
2009-10-01,34.002702702702706
2009-11-01,29.708333333333336
2009-12-01,35.149229287090556
2010-01-01,33.03834033613445
2010-02-01,34.62660550458716
2010-03-01,32.012722646310436
2010-04-01,30.21373679154659
2010-05-01,34.55233835530446
2010-06-01,33.19525065963061
2010-07-01,30.065602836879435
2010-08-01,29.65218855218855
2010-09-01,28.31008100810081
2010-10-01,29.280105105105104
2010-11-01,24.916666666666668
2010-12-01,30.30105973025048
2011-01-01,31.937062324929972
2011-02-01,31.741055045871562
2011-03-01,35.01391539440204
2011-04-01,37.26360870957413
2011-05-01,33.56512868801004
2011-06-01,46.10451480504251
2011-07-01,34.91489361702128
2011-08-01,37.06523569023569
2011-09-01,33.02842784278428
2011-10-01,31.169144144144145
2011-11-01,30.666666666666668
2011-12-01,33.93718689788054
2012-01-01,37.44345238095238
2012-02-01,36.55030581039755
2012-03-01,37.01471055979644
2012-04-01,39.277857829010564
2012-05-01,33.56512868801004
2012-06-01,31.351070067428907
2012-07-01,34.91489361702128
2012-08-01,34.94722222222222
2012-09-01,33.97209720972097
2012-10-01,33.05818318318318
2012-11-01,29.708333333333336
2012-12-01,36.361271676300575
2013-01-01,36.3421743697479
2013-02-01,36.55030581039755
2013-03-01,36.01431297709924
2013-04-01,35.249359590137686
2013-05-01,32.57791902071563
2013-06-01,34.11734095573146
2013-07-01,36.854609929078016
2013-08-01,37.06523569023569
2013-09-01,33.97209720972097
2013-10-01,35.89174174174174
2013-11-01,32.583333333333336
2013-12-01,33.93718689788054
2014-01-01,38.544730392156865
2014-02-01,37.51215596330275
2014-03-01,39.01550572519084
2014-04-01,40.284982388728785
2014-05-01,40.475596359070934
2014-06-01,35.03943125183231
2014-07-01,36.854609929078016
2014-08-01,36.00622895622895
2014-09-01,37.74677467746775
2014-10-01,35.89174174174174
2014-11-01,30.666666666666668
2014-12-01,35.149229287090556
2015-01-01,36.3421743697479
2015-02-01,37.51215596330275
2015-03-01,43.01709605597965
2015-04-01,40.284982388728785
2015-05-01,44.42443502824859
2015-06-01,53.481237173849316
2015-07-01,47.523049645390074
2015-08-01,47.65530303030303
2015-09-01,44.352460246024606
2015-10-01,44.39241741741742
2015-11-01,36.41666666666667
2015-12-01,39.99739884393063
2016-01-01,44.05112044817927
2016-02-01,47.13065749235474
2016-03-01,44.017493638676854
2016-04-01,54.38472622478386
2016-05-01,47.38606403013183
2016-06-01,41.49406332453826
2016-07-01,40.73404255319149
2016-08-01,42.360269360269356
2016-09-01,44.352460246024606
2016-10-01,43.447897897897896
2016-11-01,43.125
2016-12-01,44.84556840077071
2017-01-01,46.25367647058823
2017-02-01,48.09250764525994
2017-03-01,50.019879134860055
2017-04-01,51.363352545629205
2017-05-01,44.42443502824859
2017-06-01,44.26033421284081
2017-07-01,41.70390070921986
2017-08-01,44.47828282828283
2017-09-01,41.521452145214525
2017-10-01,48.170495495495494
2017-11-01,44.083333333333336
2017-12-01,44.84556840077071
2018-01-01,50.65878851540616
2018-02-01,49.05435779816514
2018-03-01,54.02146946564886
2018-04-01,55.39185078450208
2018-05-01,57.25816070307596
2018-06-01,51.63705658164761
2018-07-01,54.312056737588655
2018-08-01,54.00934343434343
2018-09-01,63.225847584758476
2018-10-01,71.78348348348348
2018-11-01,84.33333333333334
2018-12-01,47.26965317919075
2019-01-01,50.65878851540616
2019-02-01,71.17691131498471
2019-03-01,65.02584287531808
2019-04-01,63.44884726224784
2019-05-01,59.23258003766478
2019-06-01,65.46841102316037
2019-07-01,54.312056737588655
2019-08-01,58.24537037037037
2019-09-01,94.36693669366937
2019-10-01,78.39512012012013
2019-11-01,63.25
2019-12-01,69.08641618497109
2020-01-01,69.38051470588235
2020-02-01,56.74915902140673
2020-03-01,48.019083969465655
2020-04-01,39.277857829010564
2020-05-01,37.513967357187695
2020-06-01,37.80570214013486
2020-07-01,42.67375886524823
2020-08-01,39.183249158249154
2020-09-01,43.40879087908791
2020-10-01,57.61569069069069
2020-11-01,47.91666666666667
2020-12-01,37.573314065510594
2021-01-01,37.44345238095238
2021-02-01,37.51215596330275
2021-03-01,39.01550572519084
2021-04-01,40.284982388728785
2021-05-01,37.513967357187695
2021-06-01,35.96152154793316
2021-07-01,35.88475177304965
2021-08-01,38.124242424242425
2021-09-01,42.465121512151214
2021-10-01,44.39241741741742
2021-11-01,53.66666666666667
2021-12-01,47.26965317919075
2022-01-01,56.16517857142857
2022-02-01,67.32951070336392
2022-03-01,61.02425254452927
2022-04-01,61.4345981428114
2022-05-01,57.25816070307596
2022-06-01,58.09168865435357
2022-07-01,60.13120567375887
2022-08-01,65.6584175084175
2022-09-01,52.84548454845485
2022-10-01,55.72665165165165
2022-11-01,46.958333333333336
2022-12-01,50.905780346820805
2023-01-01,57.266456582633054
2023-02-01,61.558409785932724
2023-03-01,62.02465012722647
2023-04-01,55.39185078450208
2023-05-01,54.29653170119272
2023-06-01,50.714966285546765
2023-07-01,47.523049645390074
2023-08-01,65.6584175084175
2023-09-01,53.78915391539154
2023-10-01,53.83761261261261
2023-11-01,49.833333333333336
2023-12-01,55.75394990366088
2024-01-01,53.962622549019606
2024-02-01,62.520259938837924
2024-03-01,52.020674300254456
2024-04-01,53.37760166506564
2024-05-01,50.347693032015066
2024-06-01,46.10451480504251
2024-07-01,51.40248226950355
2024-08-01,51.89132996632996
2024-09-01,57.563831383138314
2024-10-01,64.22732732732733
2024-11-01,69.95833333333334
2024-12-01,48.48169556840077
2025-01-01,56.16517857142857
2025-02-01,50.978058103975535
2025-03-01,50.019879134860055
2025-04-01,53.37760166506564
2025-05-01,57.25816070307596
2025-06-01,60.85795954265612
2025-07-01,73.70921985815603
2025-08-01,67.77643097643097
2025-09-01,55.67649264926493
2025-10-01,57.61569069069069
2025-11-01,94.875
2025-12-01,121.20423892100192
