date,steakhouse
2004-01-01,25.664634146341466
2004-02-01,25.31660104986877
2004-03-01,24.594422310756975
2004-04-01,27.8187742651137
2004-05-01,26.559306327773363
2004-06-01,27.49346793349169
2004-07-01,26.665204678362574
2004-08-01,27.16341727592743
2004-09-01,27.934042861280044
2004-10-01,26.68222683264177
2004-11-01,27.097379794705564
2004-12-01,28.256158455392814
2005-01-01,24.714092140921412
2005-02-01,27.848261154855646
2005-03-01,27.668725099601595
2005-04-01,29.958679977814754
2005-05-01,30.64535345512311
2005-06-01,28.51174452362101
2005-07-01,26.665204678362574
2005-08-01,28.20816409423233
2005-09-01,30.16876629018245
2005-10-01,32.018672199170126
2005-11-01,29.181793625067527
2005-12-01,34.249889036839775
2006-01-01,32.31842818428185
2006-02-01,33.755468066491694
2006-03-01,33.81733067729084
2006-04-01,34.23849140321686
2006-05-01,33.709888800635426
2006-06-01,34.62140406439694
2006-07-01,33.844298245614034
2006-08-01,34.47664500406174
2006-09-01,37.990298291340864
2006-10-01,39.48969571230982
2006-11-01,37.519448946515396
2006-12-01,40.243619618286736
2007-01-01,39.92276422764228
2007-02-01,37.974901574803155
2007-03-01,39.96593625498008
2007-04-01,39.588255684969496
2007-05-01,39.83895949166005
2007-06-01,43.78589337556084
2007-07-01,38.97222222222222
2007-08-01,39.70037909558624
2007-09-01,40.22502172024326
2007-10-01,39.48969571230982
2007-11-01,39.603862776877364
2007-12-01,40.243619618286736
2008-01-01,40.87330623306234
2008-02-01,37.974901574803155
2008-03-01,40.99070385126162
2008-04-01,40.65820854132002
2008-05-01,39.83895949166005
2008-06-01,36.657957244655584
2008-07-01,35.89546783625731
2008-08-01,40.745125913891144
2008-09-01,40.22502172024326
2008-10-01,39.48969571230982
2008-11-01,40.64606969205835
2008-12-01,45.3811029738127
2009-01-01,42.774390243902445
2009-02-01,43.8821084864392
2009-03-01,43.040239043824705
2009-04-01,42.79811425402108
2009-05-01,42.90349483717236
2009-06-01,41.749340195302196
2009-07-01,43.074561403508774
2009-08-01,44.92411318711075
2009-09-01,41.34238343469447
2009-10-01,41.624273858921164
2009-11-01,42.73048352242031
2009-12-01,44.524855747891706
2010-01-01,48.47764227642277
2010-02-01,45.569881889763785
2010-03-01,46.114541832669325
2010-04-01,44.93801996672213
2010-05-01,44.94651840084723
2010-06-01,45.82244655581948
2010-07-01,47.17690058479533
2010-08-01,45.96886000541565
2010-09-01,53.63336229365768
2010-10-01,53.36445366528354
2010-11-01,48.98372501350621
2010-12-01,48.80609187749668
2011-01-01,65.58739837398375
2011-02-01,61.603729221347336
2011-03-01,51.23837981407703
2011-04-01,55.6375485302274
2011-05-01,54.140124437384166
2011-06-01,57.02348904724202
2011-07-01,59.48391812865498
2011-08-01,57.46107500676956
2011-09-01,54.75072400810889
2011-10-01,57.63360995850622
2011-11-01,53.152552674230144
2011-12-01,57.368564136706624
2012-01-01,59.88414634146342
2012-02-01,59.91595581802275
2012-03-01,56.36221779548473
2012-04-01,55.6375485302274
2012-05-01,55.1616362192216
2012-06-01,56.0052124571127
2012-07-01,57.4327485380117
2012-08-01,52.237340915245056
2012-09-01,54.75072400810889
2012-10-01,52.29716459197787
2012-11-01,52.11034575904916
2012-12-01,52.23108078118065
2013-01-01,54.180894308943095
2013-02-01,55.69652230971129
2013-03-01,57.386985391766274
2013-04-01,53.49764281752635
2013-05-01,55.1616362192216
2013-06-01,56.0052124571127
2013-07-01,52.304824561403514
2013-08-01,53.28208773354996
2013-09-01,53.63336229365768
2013-10-01,53.36445366528354
2013-11-01,59.40579416531604
2013-12-01,53.94357523302264
2014-01-01,57.98306233062331
2014-02-01,56.54040901137358
2014-03-01,59.43652058432935
2014-04-01,62.057265668330565
2014-05-01,60.26919512840879
2014-06-01,57.02348904724202
2014-07-01,57.4327485380117
2014-08-01,57.46107500676956
2014-09-01,56.985447437011295
2014-10-01,52.29716459197787
2014-11-01,57.32138033495408
2014-12-01,54.79982245894364
2015-01-01,60.834688346883475
2015-02-01,55.69652230971129
2015-03-01,57.386985391766274
2015-04-01,51.35773710482529
2015-05-01,54.140124437384166
2015-06-01,53.968659276854055
2015-07-01,56.40716374269006
2015-08-01,58.50582182507446
2015-09-01,51.398638864755284
2015-10-01,55.49903181189488
2015-11-01,55.23696650459211
2015-12-01,55.65606968486463
2016-01-01,71.29065040650407
2016-02-01,68.35482283464567
2016-03-01,70.7089641434263
2016-04-01,74.89669994453689
2016-05-01,71.5058247286206
2016-06-01,67.20625494853525
2016-07-01,69.73976608187135
2016-08-01,68.95329000812347
2016-09-01,63.689617723718506
2016-10-01,66.17192254495158
2016-11-01,61.490207995678006
2016-12-01,66.78728362183756
2017-01-01,68.43902439024392
2017-02-01,71.73036964129484
2017-03-01,69.68419654714477
2017-04-01,72.75679423183583
2017-05-01,68.44128938310828
2017-06-01,72.29763789918185
2017-07-01,77.94444444444444
2017-08-01,69.99803682642838
2017-09-01,64.8069794381697
2017-10-01,64.03734439834025
2017-11-01,75.03889789303079
2017-12-01,71.92476697736352
2018-01-01,71.29065040650407
2018-02-01,67.51093613298339
2018-03-01,70.7089641434263
2018-04-01,68.47698280643372
2018-05-01,68.44128938310828
2018-06-01,67.20625494853525
2018-07-01,68.71418128654972
2018-08-01,71.04278364473328
2018-09-01,69.27642629597452
2018-10-01,74.71023513139696
2018-11-01,69.82786331712587
2018-12-01,73.63726142920551
2019-01-01,69.38956639566396
2019-02-01,70.88648293963256
2019-03-01,74.80803452855247
2019-04-01,66.33707709373267
2019-05-01,74.5703600741329
2019-06-01,76.37074425969914
2019-07-01,69.73976608187135
2019-08-01,73.13227728134308
2019-09-01,69.27642629597452
2019-10-01,70.44107883817428
2019-11-01,71.91227714748784
2019-12-01,67.64353084775856
2020-01-01,71.29065040650407
2020-02-01,73.41814304461943
2020-03-01,46.114541832669325
2020-04-01,44.93801996672213
2020-05-01,53.11861265554673
2020-06-01,60.078318817629984
2020-07-01,61.53508771929825
2020-08-01,56.41632818846466
2020-09-01,71.51114972487692
2020-10-01,70.44107883817428
2020-11-01,58.363587250135055
2020-12-01,55.65606968486463
2021-01-01,68.43902439024392
2021-02-01,71.73036964129484
2021-03-01,83.00617529880479
2021-04-01,89.87603993344426
2021-05-01,93.97908392904421
2021-06-01,88.590063341251
2021-07-01,88.20029239766082
2021-08-01,91.9377200108313
2021-09-01,86.03685201274254
2021-10-01,91.78686030428769
2021-11-01,85.46096704484061
2021-12-01,82.19973368841545
2022-01-01,78.8949864498645
2022-02-01,84.38867016622923
2022-03-01,89.15478087649403
2022-04-01,86.66618136439268
2022-05-01,85.80698967434472
2022-06-01,79.4255740300871
2022-07-01,84.09795321637428
2022-08-01,77.31126455456268
2022-09-01,79.33268172603533
2022-10-01,77.91210235131396
2022-11-01,77.12331172339276
2022-12-01,75.3497558810475
2023-01-01,82.69715447154472
2023-02-01,79.32534995625548
2023-03-01,80.95664010624171
2023-04-01,83.45632279534111
2023-05-01,78.65640720148265
2023-06-01,77.38902084982846
2023-07-01,77.94444444444444
2023-08-01,79.40075819117249
2023-09-01,83.80212858384013
2023-10-01,76.8448132780083
2023-11-01,82.33434629929768
2023-12-01,77.91849755881049
2024-01-01,78.8949864498645
2024-02-01,79.32534995625548
2024-03-01,86.08047808764941
2024-04-01,82.38636993899057
2024-05-01,76.61338363780779
2024-06-01,80.44385062021642
2024-07-01,75.89327485380117
2024-08-01,81.49025182778229
2024-09-01,79.33268172603533
2024-10-01,73.64294605809128
2024-11-01,73.99669097784981
2024-12-01,77.06225033288949
2025-01-01,72.24119241192413
2025-02-01,77.6375765529309
2025-03-01,76.85756972111554
2025-04-01,78.10655851358847
2025-05-01,77.63489541964522
2025-06-01,78.40729743995777
2025-07-01,76.91885964912281
2025-08-01,76.26651773625778
2025-09-01,75.98059658268173
2025-10-01,76.8448132780083
2025-11-01,87.54538087520258
2025-12-01,82.19973368841545
