lag,category,keyword,pearson_r,t_stat,p_value,n_months,p_adj_bh,significant
-1,Credit_and_debt,chapter_7_bankruptcy,0.906,17.9066,0.0,72,0.0,True
-1,Credit_and_debt,chapter_13_bankruptcy,0.9053,17.829,0.0,72,0.0,True
-1,Credit_and_debt,late_fee,0.845,13.2179,0.0,72,0.0,True
-1,Credit_and_debt,overdraft_fee,0.8436,13.1467,0.0,72,0.0,True
-1,Credit_and_debt,debt_collector,0.8283,12.3704,0.0,72,0.0,True
-1,Credit_and_debt,late_payment,0.8157,11.7958,0.0,72,0.0,True
-1,Credit_and_debt,bad_credit_score,0.8099,11.554,0.0,72,0.0,True
-1,Credit_and_debt,loan_default,0.7681,10.0351,0.0,72,0.0,True
-1,Credit_and_debt,bankruptcy,0.7553,9.6419,0.0,72,0.0,True
-1,Credit_and_debt,credit_karma,0.738,9.1504,0.0,72,0.0,True
-1,Credit_and_debt,debt_payoff_calculator,0.6793,7.7446,0.0,72,0.0,True
-1,Credit_and_debt,debt_relief,0.6484,7.1259,0.0,72,0.0,True
-1,Credit_and_debt,improve_credit_score,0.6406,6.9797,0.0,72,0.0,True
-1,Credit_and_debt,credit_score,0.6224,6.6529,0.0,72,0.0,True
-1,Credit_and_debt,debt_settlement,0.5974,6.2323,0.0,72,0.0,True
-1,Credit_and_debt,student_loan_forgiveness,0.5552,5.5846,0.0,72,1e-06,True
-1,Credit_and_debt,title_loan,0.5483,5.4848,1e-06,72,1e-06,True
-1,Credit_and_debt,car_loan_refinance,0.5322,5.2593,1e-06,72,3e-06,True
-1,Credit_and_debt,installment_loan,0.5218,5.1173,3e-06,72,4e-06,True
-1,Credit_and_debt,good_credit_score,0.494,4.7533,1e-05,72,1.7e-05,True
-1,Credit_and_debt,mortgage_refinance,0.4824,4.6078,1.8e-05,72,2.8e-05,True
-1,Credit_and_debt,credit_card_application,0.4597,4.3304,4.9e-05,72,7.4e-05,True
-1,Credit_and_debt,loan_calculator,0.4394,4.0921,0.000113,72,0.000166,True
-1,Credit_and_debt,refinance_loan,0.4042,3.6969,0.00043,72,0.000614,True
-1,Credit_and_debt,auto_loan,0.3845,3.4844,0.000855,72,0.001206,True
-1,Credit_and_debt,payday_loan,0.3635,3.2642,0.0017,72,0.002342,True
-1,Credit_and_debt,cash_advance,0.2655,2.3039,0.024202,72,0.030768,True
-1,Credit_and_debt,0_percent_APR,0.214,1.8325,0.071129,72,0.085426,False
-1,Credit_and_debt,minimum_payment,0.2107,1.8033,0.075649,72,0.090627,False
-1,Credit_and_debt,secured_loan,0.1951,1.6647,0.100452,72,0.116338,False
-1,Credit_and_debt,credit_card_interest,-0.3024,-2.6545,0.009824,72,0.012795,True
-1,Credit_and_debt,balance_transfer,-0.3765,-3.3998,0.001117,72,0.001566,True
-1,Credit_and_debt,student_loan,-0.391,-3.5544,0.000684,72,0.000973,True
-1,Credit_and_debt,collections,-0.4103,-3.7644,0.000344,72,0.000497,True
-1,Credit_and_debt,credit_card_approval,-0.4195,-3.8661,0.000245,72,0.000358,True
-1,Credit_and_debt,credit_counseling,-0.4584,-4.3148,5.1e-05,72,7.8e-05,True
-1,Credit_and_debt,interest_rate,-0.5191,-5.0812,3e-06,72,5e-06,True
-1,Credit_and_debt,fico_score,-0.5399,-5.3662,1e-06,72,2e-06,True
-1,Credit_and_debt,HELOC,-0.5557,-5.5923,0.0,72,1e-06,True
-1,Credit_and_debt,APR,-0.6442,-7.0474,0.0,72,0.0,True
-1,Credit_and_debt,debt_consolidation,-0.7453,-9.3539,0.0,72,0.0,True
-1,Credit_and_debt,credit_monitoring,-0.7909,-10.8135,0.0,72,0.0,True
-1,Credit_and_debt,home_equity_line_of_credit,-0.7992,-11.1231,0.0,72,0.0,True
-1,Credit_and_debt,unsecured_loan,-0.8049,-11.3471,0.0,72,0.0,True
-1,Credit_and_debt,personal_loan,-0.8229,-12.1177,0.0,72,0.0,True
-1,Credit_and_debt,credit_repair,-0.8962,-16.9031,0.0,72,0.0,True
-1,Credit_and_debt,home_equity_loan,-0.8999,-17.2618,0.0,72,0.0,True
-1,Credit_and_debt,credit_report,-0.9106,-18.4392,0.0,72,0.0,True
-1,Credit_and_debt,free_credit_report,-0.937,-22.4464,0.0,72,0.0,True
-1,Frugality,discount_code,0.9008,17.3534,0.0,72,0.0,True
-1,Frugality,coupon_code,0.8795,15.4646,0.0,72,0.0,True
-1,Frugality,store_brands,0.8291,12.4084,0.0,72,0.0,True
-1,Frugality,discount_apps,0.8283,12.3676,0.0,72,0.0,True
-1,Frugality,cancel_subscription,0.801,11.1962,0.0,72,0.0,True
-1,Frugality,yard_sale,0.7938,10.9214,0.0,72,0.0,True
-1,Frugality,promo_code,0.7736,10.213,0.0,72,0.0,True
-1,Frugality,loyalty_program,0.7472,9.4061,0.0,72,0.0,True
-1,Frugality,expense_tracker,0.7293,8.9174,0.0,72,0.0,True
-1,Frugality,cut_expenses,0.7206,8.6942,0.0,72,0.0,True
-1,Frugality,thrift_store,0.717,8.6069,0.0,72,0.0,True
-1,Frugality,pawn_shop,0.7164,8.592,0.0,72,0.0,True
-1,Frugality,library_books,0.7064,8.3506,0.0,72,0.0,True
-1,Frugality,grocery_deals,0.7056,8.3315,0.0,72,0.0,True
-1,Frugality,budget_planner,0.6966,8.123,0.0,72,0.0,True
-1,Frugality,clothing_swap,0.6959,8.1082,0.0,72,0.0,True
-1,Frugality,coupon_apps,0.6825,7.8121,0.0,72,0.0,True
-1,Frugality,cashback,0.6696,7.543,0.0,72,0.0,True
-1,Frugality,garage_sale,0.6512,7.179,0.0,72,0.0,True
-1,Frugality,grocery_coupons,0.4916,4.7236,1.2e-05,72,1.9e-05,True
-1,Frugality,reduce_bills,0.4757,4.5246,2.4e-05,72,3.8e-05,True
-1,Frugality,bike_to_work,0.3526,3.1524,0.002385,72,0.003238,True
-1,Frugality,budgeting_tips,0.3219,2.8442,0.005834,72,0.007746,True
-1,Frugality,cash_envelope_system,0.2699,2.3449,0.021872,72,0.02788,True
-1,Frugality,bulk_shopping,0.2081,1.7798,0.079442,72,0.094933,False
-1,Frugality,side_hustle,0.2067,1.7673,0.08154,72,0.096715,False
-1,Frugality,money_saving_tips,0.1585,1.343,0.183606,72,0.205055,False
-1,Frugality,cell_phone_plan_savings,0.1457,1.2322,0.221997,72,0.245636,False
-1,Frugality,electric_bill_savings,0.0704,0.5904,0.556851,72,0.577386,False
-1,Frugality,generic_products,-0.0036,-0.0299,0.976248,72,0.976386,False
-1,Frugality,second_hand,-0.0516,-0.4326,0.66663,72,0.680874,False
-1,Frugality,water_bill_savings,-0.1394,-1.178,0.242768,72,0.265545,False
-1,Frugality,digital_library,-0.2028,-1.7328,0.087538,72,0.102557,False
-1,Frugality,home_repair_DIY,-0.203,-1.7347,0.087198,72,0.10241,False
-1,Frugality,meal_planning,-0.2035,-1.739,0.086433,72,0.101794,False
-1,Frugality,energy_saving_tips,-0.2433,-2.0984,0.039482,72,0.049147,True
-1,Frugality,rebate,-0.253,-2.1882,0.031991,72,0.040031,True
-1,Frugality,free_stuff,-0.3295,-2.9198,0.004709,72,0.006305,True
-1,Frugality,public_transit,-0.4409,-4.1097,0.000106,72,0.000157,True
-1,Frugality,ride_share,-0.505,-4.8949,6e-06,72,1e-05,True
-1,Frugality,free_samples,-0.5109,-4.9726,5e-06,72,8e-06,True
-1,Frugality,internet_savings,-0.6442,-7.046,0.0,72,0.0,True
-1,Frugality,price_comparison,-0.7313,-8.9699,0.0,72,0.0,True
-1,Frugality,refurbished_electronics,-0.7705,-10.1124,0.0,72,0.0,True
-1,Frugality,used_car,-0.7904,-10.7957,0.0,72,0.0,True
-1,Frugality,DIY_repair,-0.8046,-11.3366,0.0,72,0.0,True
-1,Frugality,meal_prep,-0.9004,-17.32,0.0,72,0.0,True
-1,Government_support,disability_benefits,0.9455,24.2859,0.0,72,0.0,True
-1,Government_support,benefits_application,0.9248,20.3373,0.0,72,0.0,True
-1,Government_support,food_stamps,0.8948,16.7676,0.0,72,0.0,True
-1,Government_support,TANF_benefits,0.8918,16.4929,0.0,72,0.0,True
-1,Government_support,veterans_benefits,0.8901,16.3408,0.0,72,0.0,True
-1,Government_support,cash_assistance,0.8899,16.3227,0.0,72,0.0,True
-1,Government_support,utility_assistance,0.8867,16.0478,0.0,72,0.0,True
-1,Government_support,child_care_assistance,0.8761,15.1999,0.0,72,0.0,True
-1,Government_support,section_8_housing,0.867,14.5575,0.0,72,0.0,True
-1,Government_support,SSI_benefits,0.8538,13.7214,0.0,72,0.0,True
-1,Government_support,VA_disability,0.8429,13.1067,0.0,72,0.0,True
-1,Government_support,pell_grant,0.8423,13.0757,0.0,72,0.0,True
-1,Government_support,file_for_unemployment,0.8382,12.8587,0.0,72,0.0,True
-1,Government_support,medicaid,0.8337,12.6315,0.0,72,0.0,True
-1,Government_support,unemployment_benefits,0.8275,12.3288,0.0,72,0.0,True
-1,Government_support,GI_bill,0.8174,11.8733,0.0,72,0.0,True
-1,Government_support,EBT_balance,0.8021,11.2375,0.0,72,0.0,True
-1,Government_support,housing_assistance,0.7833,10.5436,0.0,72,0.0,True
-1,Government_support,LIHEAP,0.7726,10.1825,0.0,72,0.0,True
-1,Government_support,energy_assistance_program,0.7623,9.8527,0.0,72,0.0,True
-1,Government_support,housing_voucher,0.7414,9.2428,0.0,72,0.0,True
-1,Government_support,free_school_lunch,0.7405,9.2174,0.0,72,0.0,True
-1,Government_support,SSDI_application,0.7348,9.0648,0.0,72,0.0,True
-1,Government_support,WIC_program,0.6915,8.0081,0.0,72,0.0,True
-1,Government_support,rental_assistance_program,0.6882,7.9352,0.0,72,0.0,True
-1,Government_support,social_security_benefits,0.6248,6.6946,0.0,72,0.0,True
-1,Government_support,reduced_lunch_program,0.6126,6.4849,0.0,72,0.0,True
-1,Government_support,unemployment_extension,0.5902,6.1163,0.0,72,0.0,True
-1,Government_support,where_is_my_refund,0.5813,5.9774,0.0,72,0.0,True
-1,Government_support,student_loan_forgiveness,0.5552,5.5846,0.0,72,1e-06,True
-1,Government_support,head_start_program,0.5274,5.1938,2e-06,72,3e-06,True
-1,Government_support,earned_income_tax_credit,0.5074,4.9262,5e-06,72,9e-06,True
-1,Government_support,premium_tax_credit,0.4846,4.6349,1.6e-05,72,2.6e-05,True
-1,Government_support,SNAP_benefits,0.4528,4.2489,6.5e-05,72,9.8e-05,True
-1,Government_support,tax_refund,0.4063,3.7204,0.000398,72,0.000571,True
-1,Government_support,child_tax_credit,0.3403,3.0278,0.003447,72,0.004642,True
-1,Government_support,medicare,0.2616,2.2678,0.026428,72,0.033508,True
-1,Government_support,healthcare_subsidy,0.1204,1.015,0.313578,72,0.338353,False
-1,Government_support,disaster_relief,0.0291,0.2436,0.808258,72,0.818533,False
-1,Government_support,stimulus_check,-0.0607,-0.5087,0.612573,72,0.629698,False
-1,Government_support,FEMA_assistance,-0.0698,-0.5858,0.559901,72,0.579292,False
-1,Government_support,government_grants,-0.0826,-0.6933,0.490409,72,0.515199,False
-1,Government_support,stimulus_payment_status,-0.1096,-0.9225,0.359429,72,0.385437,False
-1,Government_support,SBA_loan,-0.1286,-1.0849,0.281685,72,0.306012,False
-1,Government_support,public_housing,-0.1725,-1.4654,0.147285,72,0.166435,False
-1,Government_support,small_business_grant,-0.4659,-4.4054,3.7e-05,72,5.8e-05,True
-1,Government_support,FAFSA,-0.557,-5.6113,0.0,72,1e-06,True
-1,Housing_rent_and_stress,electric_bill_help,0.9171,19.2436,0.0,72,0.0,True
-1,Housing_rent_and_stress,rent_assistance,0.8746,15.0931,0.0,72,0.0,True
-1,Housing_rent_and_stress,lease_agreement,0.8732,14.9939,0.0,72,0.0,True
-1,Housing_rent_and_stress,section_8_housing,0.867,14.5575,0.0,72,0.0,True
-1,Housing_rent_and_stress,cheap_apartments,0.8167,11.8395,0.0,72,0.0,True
-1,Housing_rent_and_stress,security_deposit,0.8142,11.7314,0.0,72,0.0,True
-1,Housing_rent_and_stress,apartment_for_rent,0.8014,11.21,0.0,72,0.0,True
-1,Housing_rent_and_stress,emergency_rental_assistance,0.8009,11.1903,0.0,72,0.0,True
-1,Housing_rent_and_stress,utility_bill_help,0.7656,9.9567,0.0,72,0.0,True
-1,Housing_rent_and_stress,housing_authority,0.7456,9.3603,0.0,72,0.0,True
-1,Housing_rent_and_stress,housing_voucher,0.7414,9.2428,0.0,72,0.0,True
-1,Housing_rent_and_stress,pre_foreclosure,0.7074,8.3729,0.0,72,0.0,True
-1,Housing_rent_and_stress,late_rent,0.7035,8.2826,0.0,72,0.0,True
-1,Housing_rent_and_stress,utilities_assistance,0.6968,8.1274,0.0,72,0.0,True
-1,Housing_rent_and_stress,rental_assistance_program,0.6882,7.9352,0.0,72,0.0,True
-1,Housing_rent_and_stress,homeless_assistance,0.6855,7.8778,0.0,72,0.0,True
-1,Housing_rent_and_stress,eviction_notice,0.6339,6.8582,0.0,72,0.0,True
-1,Housing_rent_and_stress,eviction_help,0.6016,6.3013,0.0,72,0.0,True
-1,Housing_rent_and_stress,room_for_rent,0.5931,6.1628,0.0,72,0.0,True
-1,Housing_rent_and_stress,first_time_home_buyer,0.5925,6.1532,0.0,72,0.0,True
-1,Housing_rent_and_stress,homeless_shelter,0.5773,5.9157,0.0,72,0.0,True
-1,Housing_rent_and_stress,mortgage_assistance,0.5753,5.8844,0.0,72,0.0,True
-1,Housing_rent_and_stress,renters_insurance,0.5648,5.7268,0.0,72,0.0,True
-1,Housing_rent_and_stress,real_estate_listings,0.5594,5.646,0.0,72,1e-06,True
-1,Housing_rent_and_stress,water_bill_assistance,0.5391,5.3547,1e-06,72,2e-06,True
-1,Housing_rent_and_stress,studio_apartment,0.5343,5.2886,1e-06,72,2e-06,True
-1,Housing_rent_and_stress,closing_costs,0.5114,4.9791,4e-06,72,7e-06,True
-1,Housing_rent_and_stress,foreclosure,0.5048,4.8928,6e-06,72,1e-05,True
-1,Housing_rent_and_stress,refinance_mortgage,0.4824,4.6078,1.8e-05,72,2.8e-05,True
-1,Housing_rent_and_stress,low_income_housing,0.4603,4.3382,4.7e-05,72,7.3e-05,True
-1,Housing_rent_and_stress,rent_payment_help,0.3237,2.8621,0.005547,72,0.007385,True
-1,Housing_rent_and_stress,storage_unit_rental,0.3031,2.6607,0.009661,72,0.012617,True
-1,Housing_rent_and_stress,mortgage_rates,0.2222,1.9072,0.060603,72,0.073337,False
-1,Housing_rent_and_stress,rent_relief,0.1552,1.3141,0.193116,72,0.214673,False
-1,Housing_rent_and_stress,down_payment_assistance,0.0956,0.8031,0.42463,72,0.450051,False
-1,Housing_rent_and_stress,missed_mortgage_payment,0.064,0.5365,0.593333,72,0.611235,False
-1,Housing_rent_and_stress,public_housing,-0.1725,-1.4654,0.147285,72,0.166435,False
-1,Housing_rent_and_stress,housing_market_crash,-0.2148,-1.8402,0.069982,72,0.08426,False
-1,Housing_rent_and_stress,tenant_rights,-0.3492,-3.1177,0.002645,72,0.003582,True
-1,Housing_rent_and_stress,housing_affordability,-0.3672,-3.3028,0.00151,72,0.002092,True
-1,Housing_rent_and_stress,property_tax,-0.5676,-5.7677,0.0,72,0.0,True
-1,Housing_rent_and_stress,home_appraisal,-0.5906,-6.1228,0.0,72,0.0,True
-1,Housing_rent_and_stress,moving_costs,-0.6099,-6.4394,0.0,72,0.0,True
-1,Housing_rent_and_stress,property_tax_relief,-0.6368,-6.91,0.0,72,0.0,True
-1,Housing_rent_and_stress,sublease,-0.637,-6.9128,0.0,72,0.0,True
-1,Housing_rent_and_stress,housing_prices,-0.8051,-11.3552,0.0,72,0.0,True
-1,Housing_rent_and_stress,rent_increase,-0.8129,-11.6778,0.0,72,0.0,True
-1,Housing_rent_and_stress,rent_control,-0.8468,-13.3184,0.0,72,0.0,True
-1,Housing_rent_and_stress,affordable_housing,-0.873,-14.9746,0.0,72,0.0,True
-1,Housing_rent_and_stress,cost_of_living,-0.9325,-21.609,0.0,72,0.0,True
-1,Inflation,natural_gas_bill,0.9041,17.7037,0.0,72,0.0,True
-1,Inflation,electric_bill,0.8984,17.1131,0.0,72,0.0,True
-1,Inflation,chicken_prices,0.8805,15.5407,0.0,72,0.0,True
-1,Inflation,water_bill,0.8677,14.6063,0.0,72,0.0,True
-1,Inflation,tuition_fees,0.8645,14.3916,0.0,72,0.0,True
-1,Inflation,college_tuition,0.859,14.036,0.0,72,0.0,True
-1,Inflation,restaurant_prices,0.8509,13.5543,0.0,72,0.0,True
-1,Inflation,medical_cost,0.8497,13.4848,0.0,72,0.0,True
-1,Inflation,utility_bill,0.8341,12.6511,0.0,72,0.0,True
-1,Inflation,insurance_cost,0.8337,12.6334,0.0,72,0.0,True
-1,Inflation,food_budget,0.7884,10.7235,0.0,72,0.0,True
-1,Inflation,rent_prices,0.7877,10.6961,0.0,72,0.0,True
-1,Inflation,egg_price,0.7289,8.9071,0.0,72,0.0,True
-1,Inflation,monthly_expenses,0.7107,8.4516,0.0,72,0.0,True
-1,Inflation,coffee_price,0.6595,7.3395,0.0,72,0.0,True
-1,Inflation,student_expenses,0.6541,7.2358,0.0,72,0.0,True
-1,Inflation,healthcare_cost,0.5828,6.0008,0.0,72,0.0,True
-1,Inflation,entertainment_cost,0.4797,4.5738,2e-05,72,3.2e-05,True
-1,Inflation,bread_price,0.438,4.0765,0.000119,72,0.000175,True
-1,Inflation,heating_cost,0.4184,3.8541,0.000255,72,0.000371,True
-1,Inflation,beef_prices,0.3201,2.827,0.006121,72,0.008105,True
-1,Inflation,minimum_wage,0.2292,1.9701,0.052786,72,0.064531,False
-1,Inflation,milk_price,0.2235,1.9183,0.059158,72,0.071953,False
-1,Inflation,mortgage_rates,0.2222,1.9072,0.060603,72,0.073337,False
-1,Inflation,living_expenses,0.1902,1.6213,0.109445,72,0.12606,False
-1,Inflation,food_prices,0.1883,1.6041,0.113192,72,0.12975,False
-1,Inflation,public_transit_cost,0.1668,1.4151,0.161475,72,0.181612,False
-1,Inflation,grocery_inflation,0.1415,1.1955,0.235909,72,0.259826,False
-1,Inflation,clothing_inflation,0.1403,1.1858,0.239722,72,0.262814,False
-1,Inflation,beer_prices,0.1021,0.8591,0.393243,72,0.418641,False
-1,Inflation,groceries_prices,-0.1343,-1.1341,0.260612,72,0.284412,False
-1,Inflation,cost_of_living_calculator,-0.1673,-1.4194,0.160225,72,0.180631,False
-1,Inflation,childcare_cost,-0.1901,-1.6197,0.109787,72,0.126149,False
-1,Inflation,energy_prices,-0.1932,-1.6475,0.103938,72,0.120005,False
-1,Inflation,fuel_prices,-0.2425,-2.0917,0.040099,72,0.049785,True
-1,Inflation,clothing_prices,-0.2545,-2.2021,0.030954,72,0.038835,True
-1,Inflation,gas_prices,-0.2589,-2.2424,0.028105,72,0.03554,True
-1,Inflation,transportation_costs,-0.3753,-3.3874,0.001161,72,0.001623,True
-1,Inflation,salary_calculator,-0.4966,-4.7864,9e-06,72,1.5e-05,True
-1,Inflation,CPI,-0.5606,-5.6641,0.0,72,1e-06,True
-1,Inflation,wage_increase,-0.5882,-6.0852,0.0,72,0.0,True
-1,Inflation,budgeting,-0.7714,-10.1413,0.0,72,0.0,True
-1,Inflation,housing_costs,-0.7765,-10.3114,0.0,72,0.0,True
-1,Inflation,inflation_rate,-0.7792,-10.4007,0.0,72,0.0,True
-1,Inflation,new_car_prices,-0.8548,-13.778,0.0,72,0.0,True
-1,Inflation,used_car_prices,-0.8548,-13.7823,0.0,72,0.0,True
-1,Inflation,car_prices,-0.8695,-14.7291,0.0,72,0.0,True
-1,Inflation,consumer_price_index,-0.8775,-15.311,0.0,72,0.0,True
-1,Inflation,cost_of_living,-0.9325,-21.609,0.0,72,0.0,True
-1,Insurance,insurance_claim,0.8728,14.9621,0.0,72,0.0,True
-1,Insurance,insurance_deductible,0.8532,13.687,0.0,72,0.0,True
-1,Insurance,claim_status,0.8304,12.4697,0.0,72,0.0,True
-1,Insurance,policy_number,0.8101,11.5609,0.0,72,0.0,True
-1,Insurance,full_coverage_insurance,0.7601,9.7857,0.0,72,0.0,True
-1,Insurance,insurance_payout,0.7584,9.7349,0.0,72,0.0,True
-1,Insurance,coverage_limits,0.7573,9.7011,0.0,72,0.0,True
-1,Insurance,supplemental_insurance,0.7459,9.3704,0.0,72,0.0,True
-1,Insurance,cheap_car_insurance,0.739,9.1765,0.0,72,0.0,True
-1,Insurance,health_insurance_cost,0.7374,9.1335,0.0,72,0.0,True
-1,Insurance,medicare_supplement,0.7026,8.2617,0.0,72,0.0,True
-1,Insurance,insurance_lapse,0.673,7.612,0.0,72,0.0,True
-1,Insurance,insurance_premium,0.6079,6.4061,0.0,72,0.0,True
-1,Insurance,renters_insurance,0.5648,5.7268,0.0,72,0.0,True
-1,Insurance,short_term_disability_insurance,0.4754,4.5213,2.4e-05,72,3.8e-05,True
-1,Insurance,COBRA_insurance,0.4753,4.5194,2.5e-05,72,3.8e-05,True
-1,Insurance,policy_renewal,0.4593,4.3259,4.9e-05,72,7.5e-05,True
-1,Insurance,liability_coverage,0.4477,4.1889,8e-05,72,0.00012,True
-1,Insurance,open_enrollment,0.4463,4.173,8.5e-05,72,0.000127,True
-1,Insurance,cheap_health_insurance,0.4153,3.8199,0.000286,72,0.000415,True
-1,Insurance,insurance_agent,0.3614,3.2426,0.001816,72,0.002487,True
-1,Insurance,insurance_adjuster,0.2727,2.3714,0.020474,72,0.026308,True
-1,Insurance,whole_life_insurance,0.242,2.087,0.040527,72,0.050186,False
-1,Insurance,workers_compensation_insurance,0.2184,1.8723,0.06534,72,0.07887,False
-1,Insurance,long_term_disability_insurance,0.1848,1.5736,0.120082,72,0.136991,False
-1,Insurance,dental_insurance,0.1578,1.3368,0.185614,72,0.206814,False
-1,Insurance,insurance_cancellation,0.0871,0.7319,0.466669,72,0.492424,False
-1,Insurance,car_insurance_rates,0.0525,0.4399,0.661338,72,0.677839,False
-1,Insurance,earthquake_insurance,-0.1643,-1.3939,0.167758,72,0.188236,False
-1,Insurance,medigap,-0.2463,-2.126,0.037035,72,0.046222,True
-1,Insurance,flood_insurance,-0.2549,-2.2055,0.030707,72,0.038626,True
-1,Insurance,health_insurance,-0.2944,-2.5772,0.012069,72,0.015635,True
-1,Insurance,umbrella_insurance,-0.3164,-2.7904,0.006778,72,0.008951,True
-1,Insurance,auto_insurance_quote,-0.4136,-3.8013,0.000304,72,0.000441,True
-1,Insurance,gap_insurance,-0.4447,-4.1535,9.1e-05,72,0.000135,True
-1,Insurance,vision_insurance,-0.4939,-4.7525,1e-05,72,1.7e-05,True
-1,Insurance,liability_insurance,-0.5037,-4.878,6e-06,72,1.1e-05,True
-1,Insurance,life_insurance,-0.5069,-4.9199,6e-06,72,9e-06,True
-1,Insurance,home_insurance,-0.5473,-5.4713,1e-06,72,1e-06,True
-1,Insurance,homeowners_insurance_quote,-0.5623,-5.6895,0.0,72,1e-06,True
-1,Insurance,car_insurance,-0.5636,-5.7082,0.0,72,0.0,True
-1,Insurance,pet_insurance,-0.5733,-5.8537,0.0,72,0.0,True
-1,Insurance,travel_insurance,-0.6619,-7.3879,0.0,72,0.0,True
-1,Insurance,business_insurance,-0.6922,-8.0243,0.0,72,0.0,True
-1,Insurance,malpractice_insurance,-0.701,-8.2244,0.0,72,0.0,True
-1,Insurance,disability_insurance,-0.7073,-8.371,0.0,72,0.0,True
-1,Insurance,insurance_broker,-0.7283,-8.8909,0.0,72,0.0,True
-1,Insurance,term_life_insurance,-0.729,-8.9093,0.0,72,0.0,True
-1,Insurance,health_insurance_quote,-0.8223,-12.0911,0.0,72,0.0,True
-1,Investing_and_markets,stock_market_today,0.7451,9.346,0.0,72,0.0,True
-1,Investing_and_markets,dividend_stocks,0.7173,8.6141,0.0,72,0.0,True
-1,Investing_and_markets,penny_stocks,0.6071,6.3914,0.0,72,0.0,True
-1,Investing_and_markets,target_date_fund,0.5867,6.0622,0.0,72,0.0,True
-1,Investing_and_markets,gold_price,0.5488,5.4927,1e-06,72,1e-06,True
-1,Investing_and_markets,ETF,0.5125,4.9939,4e-06,72,7e-06,True
-1,Investing_and_markets,Dow_Jones,0.3877,3.5192,0.000765,72,0.001082,True
-1,Investing_and_markets,recession,0.3009,2.6395,0.010227,72,0.013284,True
-1,Investing_and_markets,commodity_prices,0.2396,2.065,0.042631,72,0.052519,False
-1,Investing_and_markets,bull_market,0.2035,1.7388,0.086461,72,0.101794,False
-1,Investing_and_markets,margin_account,0.1988,1.6968,0.09418,72,0.110068,False
-1,Investing_and_markets,brokerage_account,0.1986,1.6954,0.094448,72,0.110113,False
-1,Investing_and_markets,bitcoin,0.1964,1.6758,0.098241,72,0.114256,False
-1,Investing_and_markets,401k,0.1524,1.2901,0.201245,72,0.223191,False
-1,Investing_and_markets,call_options,0.1407,1.1887,0.23858,72,0.262163,False
-1,Investing_and_markets,blue_chip_stocks,0.0859,0.7217,0.472878,72,0.497876,False
-1,Investing_and_markets,treasury_yields,0.0773,0.649,0.518435,72,0.539895,False
-1,Investing_and_markets,crypto_exchange,0.0426,0.3567,0.722376,72,0.734672,False
-1,Investing_and_markets,bond_yields,0.039,0.3264,0.745107,72,0.756181,False
-1,Investing_and_markets,put_options,0.0242,0.2027,0.839945,72,0.848824,False
-1,Investing_and_markets,earnings_report,0.0231,0.1935,0.847136,72,0.854285,False
-1,Investing_and_markets,stock_market,-0.0036,-0.0297,0.976386,72,0.976386,False
-1,Investing_and_markets,short_selling,-0.0087,-0.073,0.941984,72,0.945942,False
-1,Investing_and_markets,bear_market,-0.0184,-0.1538,0.878214,72,0.883761,False
-1,Investing_and_markets,market_volatility,-0.0426,-0.3571,0.722127,72,0.734672,False
-1,Investing_and_markets,S&P_500,-0.0667,-0.5593,0.577723,72,0.59644,False
-1,Investing_and_markets,oil_prices,-0.1096,-0.9221,0.359633,72,0.385437,False
-1,Investing_and_markets,market_crash,-0.1435,-1.2131,0.229159,72,0.252975,False
-1,Investing_and_markets,day_trading,-0.1951,-1.6643,0.100518,72,0.116338,False
-1,Investing_and_markets,value_stocks,-0.2878,-2.5139,0.014244,72,0.018353,True
-1,Investing_and_markets,interest_rates,-0.3131,-2.7584,0.007404,72,0.009697,True
-1,Investing_and_markets,IPO,-0.4446,-4.1526,9.1e-05,72,0.000135,True
-1,Investing_and_markets,IRA_account,-0.4639,-4.3807,4.1e-05,72,6.2e-05,True
-1,Investing_and_markets,Federal_Reserve,-0.4675,-4.4244,3.5e-05,72,5.4e-05,True
-1,Investing_and_markets,stock_screener,-0.4889,-4.689,1.3e-05,72,2.1e-05,True
-1,Investing_and_markets,growth_stocks,-0.5598,-5.6525,0.0,72,1e-06,True
-1,Investing_and_markets,portfolio_tracker,-0.564,-5.7136,0.0,72,0.0,True
-1,Investing_and_markets,options_trading,-0.5725,-5.8417,0.0,72,0.0,True
-1,Investing_and_markets,online_trading,-0.5949,-6.1915,0.0,72,0.0,True
-1,Investing_and_markets,index_fund,-0.6626,-7.402,0.0,72,0.0,True
-1,Investing_and_markets,NASDAQ,-0.6821,-7.8038,0.0,72,0.0,True
-1,Investing_and_markets,Roth_IRA,-0.734,-9.0428,0.0,72,0.0,True
-1,Investing_and_markets,inflation_rate,-0.7792,-10.4007,0.0,72,0.0,True
-1,Investing_and_markets,REIT,-0.8237,-12.1554,0.0,72,0.0,True
-1,Investing_and_markets,asset_allocation,-0.8321,-12.551,0.0,72,0.0,True
-1,Investing_and_markets,retirement_planning,-0.8556,-13.8315,0.0,72,0.0,True
-1,Investing_and_markets,mutual_fund,-0.8919,-16.5021,0.0,72,0.0,True
-1,Investing_and_markets,real_estate_investing,-0.8932,-16.6202,0.0,72,0.0,True
-1,Jobs,apply_for_work,0.885,15.9006,0.0,72,0.0,True
-1,Jobs,SimplyHired,0.8713,14.8519,0.0,72,0.0,True
-1,Jobs,CV_template,0.8249,12.2109,0.0,72,0.0,True
-1,Jobs,full_time_work,0.8006,11.1776,0.0,72,0.0,True
-1,Jobs,remote_work,0.7861,10.6416,0.0,72,0.0,True
-1,Jobs,job_training,0.7852,10.6091,0.0,72,0.0,True
-1,Jobs,LinkedIn_Jobs,0.7797,10.4197,0.0,72,0.0,True
-1,Jobs,LinkedIn_profile,0.7733,10.2042,0.0,72,0.0,True
-1,Jobs,Indeed,0.7157,8.574,0.0,72,0.0,True
-1,Jobs,employment_benefits,0.6619,7.3879,0.0,72,0.0,True
-1,Jobs,FlexJobs,0.6508,7.1723,0.0,72,0.0,True
-1,Jobs,Glassdoor,0.5359,5.3105,1e-06,72,2e-06,True
-1,Jobs,Fiverr,0.4901,4.7048,1.2e-05,72,2e-05,True
-1,Jobs,internship,0.4658,4.404,3.7e-05,72,5.8e-05,True
-1,Jobs,work_flexibility,0.4546,4.2696,6e-05,72,9.1e-05,True
-1,Jobs,tutoring,0.4492,4.2062,7.6e-05,72,0.000114,True
-1,Jobs,online_teaching,0.4479,4.1916,8e-05,72,0.000119,True
-1,Jobs,part_time_work,0.3435,3.0603,0.003134,72,0.004231,True
-1,Jobs,AngelList,0.338,3.0047,0.003687,72,0.00495,True
-1,Jobs,ZipRecruiter,0.3161,2.7879,0.006825,72,0.008987,True
-1,Jobs,CareerBuilder,0.2925,2.5594,0.012649,72,0.016341,True
-1,Jobs,TaskRabbit,0.2556,2.2119,0.030238,72,0.038137,True
-1,Jobs,side_hustle,0.2067,1.7673,0.08154,72,0.096715,False
-1,Jobs,contract_work,0.2044,1.7473,0.084976,72,0.100541,False
-1,Jobs,skills_development,0.128,1.0801,0.283826,72,0.307639,False
-1,Jobs,Monster,0.1276,1.0767,0.285321,72,0.30856,False
-1,Jobs,Fiverr_gigs,0.0928,0.7801,0.437988,72,0.463182,False
-1,Jobs,Lyft_driver,0.0758,0.6357,0.527023,72,0.547646,False
-1,Jobs,consulting_work,-0.082,-0.6885,0.493423,72,0.517228,False
-1,Jobs,extra_income,-0.1765,-1.5004,0.13802,72,0.156706,False
-1,Jobs,virtual_assistant,-0.2076,-1.7753,0.080195,72,0.095594,False
-1,Jobs,job_interview_tips,-0.3628,-3.2569,0.001738,72,0.002387,True
-1,Jobs,work_from_home,-0.4043,-3.6981,0.000428,72,0.000613,True
-1,Jobs,career_development,-0.6689,-7.528,0.0,72,0.0,True
-1,Jobs,temporary_work,-0.7007,-8.2162,0.0,72,0.0,True
-1,Jobs,telecommute,-0.748,-9.4281,0.0,72,0.0,True
-1,Jobs,career_change,-0.7527,-9.5663,0.0,72,0.0,True
-1,Jobs,freelance,-0.8045,-11.3317,0.0,72,0.0,True
-1,Jobs,resume_tips,-0.8197,-11.975,0.0,72,0.0,True
-1,Jobs,career_advice,-0.8558,-13.8403,0.0,72,0.0,True
-1,Jobs,work_at_home,-0.9119,-18.5944,0.0,72,0.0,True
-1,Luxuries,painting_for_sale,0.8136,11.7064,0.0,72,0.0,True
-1,Luxuries,necklace,0.7635,9.892,0.0,72,0.0,True
-1,Luxuries,champagne,0.7624,9.8585,0.0,72,0.0,True
-1,Luxuries,Louis_Vuitton,0.7565,9.6769,0.0,72,0.0,True
-1,Luxuries,Michelin_star_restaurant,0.7374,9.1338,0.0,72,0.0,True
-1,Luxuries,bracelet,0.6873,7.9173,0.0,72,0.0,True
-1,Luxuries,steakhouse,0.6765,7.6859,0.0,72,0.0,True
-1,Luxuries,Christian_Louboutin,0.6581,7.3124,0.0,72,0.0,True
-1,Luxuries,sculpture_for_sale,0.6476,7.1101,0.0,72,0.0,True
-1,Luxuries,golf_club_membership,0.5989,6.2568,0.0,72,0.0,True
-1,Luxuries,fancy_shoes,0.5488,5.4929,1e-06,72,1e-06,True
-1,Luxuries,wedding_dress,0.5378,5.3365,1e-06,72,2e-06,True
-1,Luxuries,groom_suit,0.5138,5.011,4e-06,72,7e-06,True
-1,Luxuries,earrings,0.5127,4.9967,4e-06,72,7e-06,True
-1,Luxuries,Jimmy_Choo,0.4861,4.6536,1.5e-05,72,2.4e-05,True
-1,Luxuries,Hermes_bag,0.409,3.75,0.000361,72,0.000519,True
-1,Luxuries,Chanel_bag,0.3557,3.1839,0.002169,72,0.002954,True
-1,Luxuries,engagement_ring,0.3272,2.897,0.005025,72,0.006709,True
-1,Luxuries,wedding_ring,0.2405,2.0731,0.041844,72,0.051683,False
-1,Luxuries,Gucci_bag,0.2325,2.0,0.049379,72,0.060677,False
-1,Luxuries,jet_ski,0.2243,1.9255,0.058224,72,0.070997,False
-1,Luxuries,Patek_Philippe,0.1777,1.5107,0.135368,72,0.154061,False
-1,Luxuries,seafood_restaurant,0.0964,0.8107,0.42031,72,0.446463,False
-1,Luxuries,private_jet,0.08,0.6716,0.504045,72,0.527206,False
-1,Luxuries,luxury_watch,-0.1141,-0.9609,0.339931,72,0.365962,False
-1,Luxuries,high-end_furniture,-0.1625,-1.378,0.172589,72,0.193203,False
-1,Luxuries,luxury_yacht,-0.367,-3.3006,0.00152,72,0.0021,True
-1,Luxuries,new_car,-0.3885,-3.5279,0.000744,72,0.001056,True
-1,Luxuries,diamond_ring,-0.4835,-4.6211,1.7e-05,72,2.7e-05,True
-1,Luxuries,spa_treatment,-0.4928,-4.7378,1.1e-05,72,1.8e-05,True
-1,Luxuries,rare_wine,-0.5304,-5.235,2e-06,72,3e-06,True
-1,Luxuries,wine_collection,-0.5378,-5.3376,1e-06,72,2e-06,True
-1,Luxuries,car_financing,-0.5443,-5.4285,1e-06,72,1e-06,True
-1,Luxuries,sports_car,-0.5573,-5.6163,0.0,72,1e-06,True
-1,Luxuries,luxury_car,-0.5886,-6.0912,0.0,72,0.0,True
-1,Luxuries,luxury_spa,-0.6153,-6.531,0.0,72,0.0,True
-1,Luxuries,car_dealership,-0.6271,-6.7362,0.0,72,0.0,True
-1,Luxuries,fine_dining,-0.7207,-8.6989,0.0,72,0.0,True
-1,Luxuries,car_lease,-0.7345,-9.0559,0.0,72,0.0,True
-1,Luxuries,new_boat,-0.7422,-9.2649,0.0,72,0.0,True
-1,Luxuries,yacht,-0.7704,-10.1097,0.0,72,0.0,True
-1,Luxuries,used_car,-0.7904,-10.7957,0.0,72,0.0,True
-1,Luxuries,Omega_watch,-0.8271,-12.3118,0.0,72,0.0,True
-1,Luxuries,modern_art,-0.8429,-13.1085,0.0,72,0.0,True
-1,Luxuries,private_club,-0.843,-13.1108,0.0,72,0.0,True
-1,Luxuries,Rolex,-0.8625,-14.2577,0.0,72,0.0,True
-1,Luxuries,fine_jewelry,-0.8626,-14.2685,0.0,72,0.0,True
-1,Luxuries,designer_furniture,-0.8699,-14.7579,0.0,72,0.0,True
-1,Luxuries,designer_handbag,-0.9091,-18.2625,0.0,72,0.0,True
-1,Luxuries,bridal_gown,-0.9337,-21.8253,0.0,72,0.0,True
-1,Travel,cheap_flights,0.9176,19.3092,0.0,72,0.0,True
-1,Travel,Carnival_Cruise,0.9091,18.2596,0.0,72,0.0,True
-1,Travel,hotel_deals,0.9079,18.126,0.0,72,0.0,True
-1,Travel,honeymoon_destinations,0.8571,13.9186,0.0,72,0.0,True
-1,Travel,flights,0.8503,13.5174,0.0,72,0.0,True
-1,Travel,things_to_do,0.8248,12.2066,0.0,72,0.0,True
-1,Travel,all_inclusive_resort,0.8068,11.4241,0.0,72,0.0,True
-1,Travel,cruise_deals,0.7974,11.0565,0.0,72,0.0,True
-1,Travel,vacation_packages,0.792,10.8522,0.0,72,0.0,True
-1,Travel,flight_deals,0.786,10.6363,0.0,72,0.0,True
-1,Travel,Universal_Studios_tickets,0.7831,10.5354,0.0,72,0.0,True
-1,Travel,VRBO,0.7295,8.9222,0.0,72,0.0,True
-1,Travel,Disney_tickets,0.6314,6.8122,0.0,72,0.0,True
-1,Travel,camping_trip,0.5849,6.0327,0.0,72,0.0,True
-1,Travel,Mediterranean_cruise,0.5327,5.2665,1e-06,72,3e-06,True
-1,Travel,destination_wedding,0.3709,3.3419,0.001338,72,0.001865,True
-1,Travel,vacation_rentals,0.3677,3.3082,0.001485,72,0.002063,True
-1,Travel,Disney_Cruise,0.3595,3.2235,0.001925,72,0.002629,True
-1,Travel,Airbnb,0.3153,2.7795,0.006986,72,0.009174,True
-1,Travel,Caribbean_cruise,0.2721,2.3657,0.020769,72,0.026616,True
-1,Travel,engagement_trip,0.2699,2.345,0.021867,72,0.02788,True
-1,Travel,travel_blog,0.2315,1.9911,0.050369,72,0.061734,False
-1,Travel,backpacking_trip,0.1857,1.5816,0.11825,72,0.135224,False
-1,Travel,tourist_attractions,0.1295,1.0923,0.278425,72,0.30316,False
-1,Travel,beach_vacation,0.108,0.9086,0.366673,72,0.392102,False
-1,Travel,road_trip,0.0793,0.6655,0.50793,72,0.53011,False
-1,Travel,safari_tour,-0.0524,-0.4387,0.66224,72,0.677839,False
-1,Travel,Royal_Caribbean_Cruise,-0.1057,-0.8892,0.376925,72,0.402166,False
-1,Travel,hostel,-0.383,-3.4685,0.0009,72,0.001265,True
-1,Travel,travel_booking,-0.5176,-5.0616,3e-06,72,5e-06,True
-1,Travel,wedding_locations,-0.5314,-5.2477,2e-06,72,3e-06,True
-1,Travel,cruise,-0.543,-5.4107,1e-06,72,1e-06,True
-1,Travel,car_rental,-0.609,-6.4238,0.0,72,0.0,True
-1,Travel,travel_insurance,-0.6619,-7.3879,0.0,72,0.0,True
-1,Travel,eco_tourism,-0.6883,-7.9381,0.0,72,0.0,True
-1,Travel,last_minute_travel,-0.6999,-8.198,0.0,72,0.0,True
-1,Travel,guided_tours,-0.7033,-8.2776,0.0,72,0.0,True
-1,Travel,cruise_line,-0.7291,-8.9129,0.0,72,0.0,True
-1,Travel,theme_park_tickets,-0.739,-9.1766,0.0,72,0.0,True
-1,Travel,weekend_getaway,-0.7969,-11.0365,0.0,72,0.0,True
-1,Travel,mountain_vacation,-0.8037,-11.3013,0.0,72,0.0,True
-1,Travel,ski_vacation,-0.8238,-12.1599,0.0,72,0.0,True
-1,Travel,budget_travel,-0.835,-12.6944,0.0,72,0.0,True
-1,Travel,RV_rental,-0.8401,-12.9579,0.0,72,0.0,True
-1,Travel,adventure_travel,-0.8502,-13.5139,0.0,72,0.0,True
-1,Travel,luxury_travel,-0.8791,-15.4282,0.0,72,0.0,True
-1,Travel,travel_tips,-0.8874,-16.1059,0.0,72,0.0,True
-1,Travel,airfare,-0.8939,-16.6833,0.0,72,0.0,True
